,title,date,location,area,year,rooms,total_price,unit_price,story,total_stories,elevator,parking,store
0,نوساز کیلید نخورده (۶۵متر ۱خواب) روبه آفتاب,۳ ساعت پیش در تهران,سازمان برنامه,۶۵,۱۴۰۰,۱,۵۹۰۰۰۰۰۰۰۰,۹۰۷۶۹۰۰۰,۲,۲,آسانسور,پارکینگ,انباری
1,سازمان برنامه/۸۴متر/۲خواب/,۳ ساعت پیش در تهران,سازمان برنامه,۸۴,۱۳۹۳,۲,۷۸۵۰۰۰۰۰۰۰,۹۳۴۵۲۰۰۰,۴,5,آسانسور,پارکینگ,انباری
2,فردوس/۵۹متر/آفتاب‌گیر/دنج نشین,۳ ساعت پیش در تهران,سازمان برنامه,۵۹,۱۳۹۷,۱,۵۲۳۰۰۰۰۰۰۰,۸۸۶۴۴۰۰۰,۳,5,آسانسور,پارکینگ,انباری
3,۱۷۵ متری / برج مجلل / غرب تهران,۴ ساعت پیش در تهران,سازمان برنامه,۱۷۵,۱۴۰۰,۳,۳۸۷۵۰۰۰۰۰۰۰,۲۲۱۴۲۸۰۰۰,۷,22,آسانسور,پارکینگ,انباری
4,۵۹متری آکواریم / لوکیشن خفن,۴ ساعت پیش در تهران,سازمان برنامه,۵۹,۱۳۸۳,۱,۴۲۳۰۰۰۰۰۰۰,۷۱۶۹۴۰۰۰,۲,۲,آسانسور ندارد,پارکینگ,انباری
5,۷۲ متر ۲ خواب/کم واحد و شیک,۴ ساعت پیش در تهران,سازمان برنامه,۷۲,۱۳۸۵,۲,۵۰۰۰۰۰۰۰۰۰,۶۹۴۴۴۰۰۰,۳,4,آسانسور ندارد,پارکینگ,انباری
6,۶۸متر فردوس غرب سازمان برنامه کم سن,۴ ساعت پیش در تهران,کوی فردوس,۶۸,۱۳۹۳,۲,۵۵۰۰۰۰۰۰۰۰,۸۰۸۸۲۰۰۰,۴,7,آسانسور,پارکینگ,انباری
7,۱۱۸ متر/فردوس غرب/تک واحدی,۴ ساعت پیش در تهران,سازمان برنامه,۱۱۸,۱۴۰۰,۳,۱۳۲۳۰۰۰۰۰۰۰,۱۱۲۱۱۸۰۰۰,۳,5,آسانسور,پارکینگ,انباری
8,فروش آپارتمان ۱۵۳ متری/سازمان برنامه مرکزی,۴ ساعت پیش در تهران,سازمان برنامه,۱۵۳,۱۳۹۶,۳,۱۵۹۰۰۰۰۰۰۰۰,۱۰۳۹۲۱۰۰۰,۳,۳,آسانسور,پارکینگ,انباری
9,۸۳متر۲خواب خوش نورنقشه بدون مشابه آیت اله کاشانی,۴ ساعت پیش در تهران,سازمان برنامه,۸۳,۱۳۹۱,۲,۸۷۰۰۰۰۰۰۰۰,۱۰۴۸۱۹۰۰۰,۵,5,آسانسور,پارکینگ,انباری
10,101متر/سالن روبه افتاب,۴ ساعت پیش در تهران,سازمان برنامه,۱۰۱,۱۳۸۳,۲,۶۴۵۰۰۰۰۰۰۰,۶۳۸۶۱۰۰۰,۳,۳,آسانسور ندارد,پارکینگ,انباری
11,102متر/سازمان برنامه شمالی/غرق نور,۴ ساعت پیش در تهران,سازمان برنامه,۱۰۲,۱۳۸۴,۲,۱۰۲۰۰۰۰۰۰۰۰,۱۰۰۰۰۰۰۰۰,۳,5,آسانسور,پارکینگ,انباری
12,105متر/سازمان برنامه/شیک,۴ ساعت پیش در تهران,سازمان برنامه,۱۰۵,۱۳۸۲,۲,۹۰۰۰۰۰۰۰۰۰,۸۵۷۱۴۰۰۰,۲,5,آسانسور,پارکینگ,انباری
13,۹۵ متر سازمان شمال+ ۲۰ متر تراس+ ۵۰ متر حیاط,۴ ساعت پیش در تهران,سازمان برنامه,۹۵,۱۳۸۰,۲,۸۷۰۰۰۰۰۰۰۰,۹۱۵۷۸۰۰۰,همکف,4,آسانسور ندارد,پارکینگ,انباری
14,سازمان برنامه شمالی ۱۱۹ متر ۲خواب + مستر فرصت خرید,۴ ساعت پیش در تهران,سازمان برنامه,۱۱۹,۱۴۰۲,۲,۱۶۲۰۰۰۰۰۰۰۰,۱۳۶۱۳۴۰۰۰,۶,۶,آسانسور,پارکینگ,انباری
15,۸۷متر/سالن‌‌پرده‌خور/سازمان‌شمال,۵ ساعت پیش در تهران,سازمان برنامه,۸۷,۱۳۸۸,۲,۸۰۰۰۰۰۰۰۰۰,۹۱۹۵۴۰۰۰,۴,۴,آسانسور,پارکینگ,انباری
16,۶۰ متر ۲ خواب فول امکانات رو به آفتاب,۵ ساعت پیش در تهران,سازمان برنامه,۶۰,۱۳۸۸,۲,۵۸۰۰۰۰۰۰۰۰,۹۶۶۶۶۰۰۰,۵,5,آسانسور,پارکینگ,انباری
17,۷۵متر/فول امکانات/سازمان برنامه مرکزی,۵ ساعت پیش در تهران,سازمان برنامه,۷۵,۱۳۹۹,۲,۸۵۰۰۰۰۰۰۰۰,۱۱۳۳۳۳۰۰۰,۵,5,آسانسور,پارکینگ,انباری
18,۸۸متر غرق نور/سازمان برنامه/ فول بازسازی,۵ ساعت پیش در تهران,سازمان برنامه,۸۸,۱۳۸۶,۲,۸۴۵۰۰۰۰۰۰۰,۹۶۰۲۲۰۰۰,۱,۱,آسانسور,پارکینگ,انباری
19,فول امکانات روبه آفتاب فردوس تراورتن,۵ ساعت پیش در تهران,سازمان برنامه,۶۵,۱۳۹۴,۱,۶۳۰۰۰۰۰۰۰۰,۹۶۹۲۳۰۰۰,۳,۳,آسانسور,پارکینگ,انباری
20,۷۰متر طبقه۵ کلیدنخورده/فردوس غرب/۲ پارکینگ سندی,۵ ساعت پیش در تهران,سازمان برنامه,۷۰,۱۴۰۲,۲,۸۳۰۰۰۰۰۰۰۰,۱۱۸۵۷۱۰۰۰,۵,5,آسانسور,پارکینگ,انباری
21,۶۰متر ۲خواب طبقه ۴/ کلید نخورده /بلوار فردوس غرب,۵ ساعت پیش در تهران,سازمان برنامه,۶۰,۱۴۰۲,۲,۶۹۰۰۰۰۰۰۰۰,۱۱۵۰۰۰۰۰۰,۵,5,آسانسور,پارکینگ,انباری
22,۱۱۹ متر / فول امکانات/ تاپ لوکیشن/ موقیعت,۵ ساعت پیش در تهران,سازمان برنامه,۱۱۹,۱۳۹۰,۲,۱۲۷۳۳۰۰۰۰۰۰,۱۰۷۰۰۰۰۰۰,۱,۱,آسانسور,پارکینگ,انباری
23,۶۰متر/بدون مشرف/فول دیزاین/غرق در آفتاب/فردوس,۵ ساعت پیش در تهران,سازمان برنامه,۶۰,۱۳۸۸,۱,۵۶۵۰۰۰۰۰۰۰,۹۴۱۶۶۰۰۰,۵,۵,آسانسور,پارکینگ,انباری
24,۱۱۱متر (سازمان برنامه شمال) فول امکانات ۵ ساله,۵ ساعت پیش در تهران,کوی فردوس,۱۱۱,۱۳۹۷,۲,۱۰۹۰۰۰۰۰۰۰۰,۹۸۱۹۸۰۰۰,۴,5,آسانسور,پارکینگ,انباری
25,60 متر // 2خواب // سالن پرده خور,۵ ساعت پیش در تهران,سازمان برنامه,۶۰,۱۳۹۹,۲,۵۳۰۰۰۰۰۰۰۰,۸۸۳۳۳۰۰۰,۳,5,آسانسور,پارکینگ,انباری
26,۱۲۷ متر*لوکیشن دنج*سازمان برنامه*بدون دیوار مشترک,۵ ساعت پیش در تهران,سازمان برنامه,۱۲۷,۱۳۹۹,۳,۱۵۲۰۰۰۰۰۰۰۰,۱۱۹۶۸۵۰۰۰,۵,5,آسانسور,پارکینگ,انباری
27,۱۱۴ متر فول/ تک الماس بلوار فردوس/سود خالص,۵ ساعت پیش در تهران,سازمان برنامه,۱۱۴,۱۳۹۴,۲,۹۹۰۰۰۰۰۰۰۰,۸۶۸۴۲۰۰۰,۲,5,آسانسور,پارکینگ,انباری
28,۶۸ متر/فول بازسازی/سازمان برنامه,۵ ساعت پیش در تهران,کوی فردوس,۶۸,۱۳۸۲,۲,۵۸۰۰۰۰۰۰۰۰,۸۵۲۹۴۰۰۰,۱,4,آسانسور ندارد,پارکینگ,انباری
29,155 متر/2 پارکینگ سندی/سرمایه گذاری/سازمان برنامه,۵ ساعت پیش در تهران,سازمان برنامه,۱۵۵,۱۳۹۱,۳,۱۸۰۰۰۰۰۰۰۰۰,۱۱۶۱۲۹۰۰۰,۲,5,آسانسور,پارکینگ,انباری
30,۱۱۰ متر سازمان برنامه شمالی نوساز,۶ ساعت پیش در تهران,سازمان برنامه,۱۱۰,۱۴۰۲,۲,۱۵۶۵۰۰۰۰۰۰۰,۱۴۲۲۷۲۰۰۰,۳,6,آسانسور,پارکینگ,انباری
31,۸۲ متر سازمان برنامه شمالی ۳جهت نور,۶ ساعت پیش در تهران,سازمان برنامه,۸۲,۱۳۸۷,۲,۸۷۰۰۰۰۰۰۰۰,۱۰۶۰۹۷۰۰۰,۳,5,آسانسور,پارکینگ,انباری
32,فردوس غرب ۸۰متر +۱۵متر پاسیو ۲خ / کم سن,۶ ساعت پیش در تهران,سازمان برنامه,۸۰,۱۳۹۰,۲,۷۱۹۰۰۰۰۰۰۰,۸۹۸۷۵۰۰۰,۱,5,آسانسور,پارکینگ,انباری
33,۷۹ متر / نوسازی شده / سازمان جنوب,۶ ساعت پیش در تهران,سازمان برنامه,۷۹,۱۳۸۷,۲,۷۲۰۰۰۰۰۰۰۰,۹۱۱۳۹۰۰۰,۲,2,آسانسور,پارکینگ,انباری
34,۷۰ متر / سازمان برنامه / نما تراورتن,۶ ساعت پیش در تهران,سازمان برنامه,۷۰,۱۳۹۰,۲,۷۰۰۰۰۰۰۰۰۰,۱۰۰۰۰۰۰۰۰,۵,۵,آسانسور,پارکینگ,انباری
35,۸۵متر-۲خواب-فول امکانات-بلوار فردوس,۶ ساعت پیش در تهران,سازمان برنامه,۸۵,۱۳۸۹,۲,۸۳۳۰۰۰۰۰۰۰,۹۸۰۰۰۰۰۰,۲,6,آسانسور,پارکینگ,انباری
36,۵۵ متر بلوار فردوس غرب سازمان برنامه( نوساز ),۶ ساعت پیش در تهران,کوی فردوس,۵۵,۱۴۰۲,۱,۷۳۰۰۰۰۰۰۰۰,۱۳۲۷۲۷۰۰۰,۵,4,آسانسور,پارکینگ,انباری
37,آپارتمان،۸۸متر،دوخوابه،فول،سازمان برنامه شمالی,۶ ساعت پیش در تهران,سازمان برنامه,۸۸,۱۳۸۸,۲,۸۷۵۰۰۰۰۰۰۰,۹۹۴۳۱۰۰۰,۴,۴,آسانسور,پارکینگ,انباری
38,150متر سه خواب/سازمان برنامه مرکزی/کلید نخورده,۶ ساعت پیش در تهران,سازمان برنامه,۱۵۰,۱۴۰۲,۳,۱۶۵۰۰۰۰۰۰۰۰,۱۱۰۰۰۰۰۰۰,۱,5,آسانسور,پارکینگ,انباری
39,آپارتمان ۱۰۹ متری فول امکانات دو خوابه طبقه ۴,۶ ساعت پیش در تهران,سازمان برنامه,۱۰۹,۱۳۹۰,۲,۱۰۹۰۰۰۰۰۰۰۰,۱۰۰۰۰۰۰۰۰,۴,۴,آسانسور,پارکینگ,انباری
40,فردوس/ ۸ واحدی / سازمان برنامه,۶ ساعت پیش در تهران,سازمان برنامه,۶۵,۱۳۸۰,۲,۳۹۷۰۰۰۰۰۰۰,۶۱۰۷۶۰۰۰,۳,۳,آسانسور ندارد,پارکینگ ندارد,انباری
41,۱۳۰متر/۳خواب/فول امکانات/فول دیزاین/سرتیپ شفاهی,۶ ساعت پیش در تهران,سازمان برنامه,۱۳۰,۱۳۹۰,۳,۱۴۲۰۰۰۰۰۰۰۰,۱۰۹۲۳۰۰۰۰,۵,5,آسانسور,پارکینگ,انباری
42,۶۰متر در قلب منطقه/مهران,۶ ساعت پیش در تهران,کوی مهران,۶۰,۱۳۹۲,۱,۶۶۰۰۰۰۰۰۰۰,۱۱۰۰۰۰۰۰۰,۲,5,آسانسور,پارکینگ,انباری
43,۲ خواب قابلیت رهن‌مالک از ۶ ماه تا ۲ سال یک ملیارد,۶ ساعت پیش در تهران,سازمان برنامه,۶۴,۱۳۸۹,۲,۶۴۰۰۰۰۰۰۰۰,۱۰۰۰۰۰۰۰۰,۴,۴,آسانسور,پارکینگ,انباری
44,۸۸متر،بلوار فردوس،سراسر پرده خور،کلید نخورده,۶ ساعت پیش در تهران,سازمان برنامه,۸۸,۱۴۰۱,۲,۱۰۲۴۰۰۰۰۰۰۰,۱۱۶۳۶۳۰۰۰,۴,5,آسانسور,پارکینگ,انباری
45,80متر/بدون ریالی هزینه/واحد سه نبش با ویو,۶ ساعت پیش در تهران,سازمان برنامه,۸۰,۱۳۸۴,۲,۶۱۰۰۰۰۰۰۰۰,۷۶۲۵۰۰۰۰,۵,۵,آسانسور,پارکینگ ندارد,انباری
46,85متر/کلید نخورده/رو به افتاب/نقشه عالی/شخصی,۶ ساعت پیش در تهران,سازمان برنامه,۸۵,۱۴۰۱,۲,۸۶۰۰۰۰۰۰۰۰,۱۰۱۱۷۶۰۰۰,۲,۲,آسانسور,پارکینگ,انباری
47,۸۰متر/۲خواب نوسازی شده /سازمان برنامه,۶ ساعت پیش در تهران,سازمان برنامه,۸۰,۱۳۸۹,۲,۷۵۰۰۰۰۰۰۰۰,۹۳۷۵۰۰۰۰,۵,5,آسانسور,پارکینگ,انباری
48,40 متر / 1 خواب / قابل تهاتر (سازمان برنامه),۶ ساعت پیش در تهران,سازمان برنامه,۴۰,۱۳۸۷,۱,۴۰۵۰۰۰۰۰۰۰,۱۰۱۲۵۰۰۰۰,۴,۴,آسانسور,پارکینگ,انباری
49,۶۰ متر تراوتن سازمان برنامه مرکزی تک خواب,۶ ساعت پیش در تهران,سازمان برنامه,۶۰,۱۳۹۶,۱,۵۸۰۰۰۰۰۰۰۰,۹۶۶۶۶۰۰۰,۲,5,آسانسور,پارکینگ,انباری
50,۷۴متری /فردوس غرب/رو ب آفتاب,۶ ساعت پیش در تهران,سازمان برنامه,۷۴,۱۳۸۸,۲,۶۳۹۵۷۰۰۰۰۰,۸۶۴۲۸۰۰۰,۲,5,آسانسور,پارکینگ,انباری
51,۷۷متر/سازمان برنامه(ورزی)/سالن پرده خور,۶ ساعت پیش در تهران,سازمان برنامه,۷۷,۱۳۹۰,۲,۶۴۵۰۰۰۰۰۰۰,۸۳۷۶۶۰۰۰,۳,۳,آسانسور,پارکینگ,انباری
52,۵۰متر تک خواب نما تراورتن,۶ ساعت پیش در تهران,سازمان برنامه,۵۵,۱۳۹۵,۱,۵۰۰۰۰۰۰۰۰۰,۹۰۹۰۹۰۰۰,۴,5,آسانسور,پارکینگ,انباری
53,۱۱۰متر/۳خواب/دونبش/ویودار/سازمان برنامه شمالی,۶ ساعت پیش در تهران,سازمان برنامه,۱۱۰,۱۳۹۷,۳,۱۳۳۰۰۰۰۰۰۰۰,۱۲۰۹۰۹۰۰۰,۵,5,آسانسور,پارکینگ,انباری
54,آپارتمان ۵۵متر۱خواب ۷ساله سازمان برنامه مرکزی,۶ ساعت پیش در تهران,سازمان برنامه,۵۵,۱۳۹۴,۱,۵۱۰۰۰۰۰۰۰۰,۹۲۷۲۷۰۰۰,۳,۳,آسانسور,پارکینگ,انباری
55,۱۲۳ متر ۲ خواب/تک واحدی/کم واحد و شیک,۶ ساعت پیش در تهران,سازمان برنامه,۱۲۳,۱۳۹۶,۲,۱۱۰۰۰۰۰۰۰۰۰,۸۹۴۳۰۰۰۰,۱,5,آسانسور,پارکینگ,انباری
56,فردوس غرب 60متر خوش نقشه 2خ فول دیزاین,۶ ساعت پیش در تهران,سازمان برنامه,۶۰,۱۳۸۵,۲,۴۰۰۰۰۰۰۰۰۰,۶۶۶۶۶۰۰۰,۱,5,آسانسور,پارکینگ ندارد,انباری
57,۹۵متر فول طبقه۳/سازمان برنامه شمالی/سرمایه گذاری,۶ ساعت پیش در تهران,سازمان برنامه,۹۵,۱۳۸۸,۲,۷۷۰۰۰۰۰۰۰۰,۸۱۰۵۲۰۰۰,۳,5,آسانسور,پارکینگ,انباری
58,۶۶ متر ۲خواب سرمایه‌گذاری/سازمان برنامه,۷ ساعت پیش در تهران,سازمان برنامه,۶۶,۱۳۸۴,۲,۵۰۰۰۰۰۰۰۰۰,۷۵۷۵۷۰۰۰,۲,4,آسانسور ندارد,پارکینگ,انباری
59,۶۱م/۲خ/تاپ لوکیشن/فول امکنات,۷ ساعت پیش در تهران,سازمان برنامه,۶۱,۱۳۸۷,۲,۶۳۵۰۰۰۰۰۰۰,۱۰۴۰۹۸۰۰۰,۲,۲,آسانسور,پارکینگ,انباری
60,۶۷ متر دو خوابه ۸ واحدی فردوس,۷ ساعت پیش در تهران,سازمان برنامه,۶۷,۱۳۸۵,۲,۵۷۱۰۰۰۰۰۰۰,۸۵۲۲۳۰۰۰,۱,4,آسانسور ندارد,پارکینگ,انباری
61,آپارتمان ۸۶متری دوخواب سالن پرده خور,۷ ساعت پیش در تهران,سازمان برنامه,۸۶,۱۳۹۶,۲,۹۶۰۰۰۰۰۰۰۰,۱۱۱۶۲۷۰۰۰,۳,۳,آسانسور,پارکینگ,انباری
62,فردوس غرب سازمان شمال 77 متر 2خ (عروسک منطقه),۷ ساعت پیش در تهران,سازمان برنامه,۷۷,۱۳۸۶,۲,۵۴۰۰۰۰۰۰۰۰,۷۰۱۲۹۰۰۰,۳,3,آسانسور ندارد,پارکینگ,انباری
63,86متر/سازمان برنامه،/,۷ ساعت پیش در تهران,سازمان برنامه,۸۶,۱۳۹۷,۲,۷۷۰۰۰۰۰۰۰۰,۸۹۵۳۴۰۰۰,۳,۳,آسانسور,پارکینگ,انباری
64,74متر 2خواب/سالن پرده خور رو به آفتاب/تاپ لوکیشن,۷ ساعت پیش در تهران,سازمان برنامه,۷۴,۱۳۸۴,۲,۵۱۵۰۰۰۰۰۰۰,۶۹۵۹۴۰۰۰,۴,4,آسانسور ندارد,پارکینگ,انباری
65,۶۰ متر ۲ خوابه/فردوس غرب/خوش نور و نقشه,۷ ساعت پیش در تهران,سازمان برنامه,۶۰,۱۳۸۹,۲,۴۳۰۰۰۰۰۰۰۰,۷۱۶۶۶۰۰۰,۲,5,آسانسور,پارکینگ ندارد,انباری
66,۸۵ متر سازمان مرکزی فول کم واحد سالن پرده خور,۷ ساعت پیش در تهران,سازمان برنامه,۸۵,۱۳۹۵,۲,۹۵۰۰۰۰۰۰۰۰,۱۱۱۷۶۴۰۰۰,۳,۳,آسانسور,پارکینگ,انباری
67,۱۱۲ متر// سالن پرده خور// سازمان برنامه,۷ ساعت پیش در تهران,سازمان برنامه,۱۱۲,۱۳۹۵,۲,۱۰۷۰۰۰۰۰۰۰۰,۹۵۵۳۵۰۰۰,۵,5,آسانسور,پارکینگ,انباری
68,کلید نخورده/ تاپ لوکیشن/سازمان برنامه شمالی,۷ ساعت پیش در تهران,سازمان برنامه,۸۰,۱۳۹۸,۲,۹۵۰۰۰۰۰۰۰۰,۱۱۸۷۵۰۰۰۰,۳,5,آسانسور,پارکینگ,انباری
69,۹۹متر / شقایق جنوبی ۱۷ شرقی,۷ ساعت پیش در تهران,سازمان برنامه,۹۹,۱۳۸۶,۲,۸۲۰۰۰۰۰۰۰۰,۸۲۸۲۸۰۰۰,۱,5,آسانسور,پارکینگ,انباری
70,آپارتمان ۶۳متر ۲خواب . کم واحد . بلوار فردوس غرب,۷ ساعت پیش در تهران,سازمان برنامه,۶۳,۱۳۸۵,۲,۵۸۵۰۰۰۰۰۰۰,۹۲۸۵۷۰۰۰,۱,5,آسانسور,پارکینگ,انباری
71,سازمان شمال ۸۷متری سالن پرده خوش نقشه بدون پرتی,۷ ساعت پیش در تهران,سازمان برنامه,۸۷,۱۳۹۶,۲,۸۶۰۰۰۰۰۰۰۰,۹۸۸۵۰۰۰۰,۵,۵,آسانسور,پارکینگ,انباری
72,آپارتمان ۶۲متر ۱خواب . فول امکانات . رو به آفتاب,۷ ساعت پیش در تهران,سازمان برنامه,۶۲,۱۳۸۸,۱,۵۴۸۰۰۰۰۰۰۰,۸۸۳۸۷۰۰۰,۲,5,آسانسور,پارکینگ,انباری
73,۵۵متر/فردوس غرب/خوش نقشه,۷ ساعت پیش در تهران,سازمان برنامه,۵۵,۱۳۸۷,۱,۴۸۰۰۰۰۰۰۰۰,۸۷۲۷۲۰۰۰,۳,۳,آسانسور,پارکینگ,انباری
74,۱۲۰ متر ۳ خواب سازمان برنامه شمالی,۷ ساعت پیش در تهران,سازمان برنامه,۱۲۰,۱۳۹۷,۳,۱۲۴۸۰۰۰۰۰۰۰,۱۰۴۰۰۰۰۰۰,۴,۴,آسانسور,پارکینگ,انباری
75,۱۰۰متر/۲پارکینگ‌سندی/سازمان‌برنامه/روبه آفتاب,۷ ساعت پیش در تهران,سازمان برنامه,۱۰۰,۱۳۹۸,۲,۱۰۶۰۰۰۰۰۰۰۰,۱۰۶۰۰۰۰۰۰,۳,6,آسانسور,پارکینگ,انباری
76,آپارتمان 135متری /سه خوابه/تک واحدی,۷ ساعت پیش در تهران,سازمان برنامه,۱۳۵,۱۴۰۱,۳,۱۹۹۵۰۰۰۰۰۰۰,۱۴۷۷۷۷۰۰۰,۱,۱,آسانسور,پارکینگ,انباری
77,۷۵ متر/سازمان برنامه/ تاپ لوکیشن/ رو به آفتاب,۷ ساعت پیش در تهران,سازمان برنامه,۷۵,۱۳۹۹,۲,۸۰۰۰۰۰۰۰۰۰,۱۰۶۶۶۶۰۰۰,۵,۵,آسانسور,پارکینگ,انباری
78,۶۰ متر دو خواب فول امکانات رو به کوچه بلوار فردوس,۷ ساعت پیش در تهران,سازمان برنامه,۶۰,۱۳۸۵,۲,۵۴۳۰۰۰۰۰۰۰,۹۰۵۰۰۰۰۰,۳,5,آسانسور,پارکینگ,انباری
79,۶۸مترفول امکانات دوبر نور تراورتن ۸ساله بلوارفردوس,۷ ساعت پیش در تهران,سازمان برنامه,۶۸,۱۳۹۵,۱,۶۴۰۰۰۰۰۰۰۰,۹۴۱۱۷۰۰۰,۵,5,آسانسور,پارکینگ,انباری
80,۵۵متر / ۱خواب / سازمان برنامه,۷ ساعت پیش در تهران,سازمان برنامه,۵۵,۱۳۹۵,۱,۵۵۰۰۰۰۰۰۰۰,۱۰۰۰۰۰۰۰۰,۲,6,آسانسور,پارکینگ,انباری
81,59متر/فول امکانات/سازمان برنامه/فردوس غرب,۷ ساعت پیش در تهران,سازمان برنامه,۵۹,۱۳۹۲,۱,۵۲۰۰۰۰۰۰۰۰,۸۸۱۳۵۰۰۰,۳,5,آسانسور,پارکینگ,انباری
82,۷۲متر/۸واحد/طبقه۳/دورتادور پنجره/شقایق شمالی,۷ ساعت پیش در تهران,سازمان برنامه,۷۲,۱۳۸۶,۲,۶۰۰۰۰۰۰۰۰۰,۸۳۳۳۳۰۰۰,۳,4,آسانسور ندارد,پارکینگ,انباری
83,شهران جنوبی ۱۱۷ متر خطی رو به افتاب,۷ ساعت پیش در تهران,شهران جنوبی,۱۱۷,۱۳۹۰,۲,۱۰۶۰۰۰۰۰۰۰۰,۹۰۵۹۸۰۰۰,۲,5,آسانسور,پارکینگ,انباری
84,نوساز/ سند آماده/ مروارید سازمان‌ برنامه‌ شمالی,۷ ساعت پیش در تهران,سازمان برنامه,۶۲,۱۴۰۲,۱,۹۶۰۰۰۰۰۰۰۰,۱۵۴۸۳۸۰۰۰,۳,5,آسانسور,پارکینگ,انباری
85,واحد ۷۴ متری غرق نور در فردوس غرب سازمان برنامه,۷ ساعت پیش در تهران,سازمان برنامه,۷۴,۱۳۸۶,۲,۵۳۵۰۰۰۰۰۰۰,۷۲۲۹۷۰۰۰,۳,۳,آسانسور,پارکینگ,انباری
86,۱۰۰متر،سازمان برنامه شمالی،کم واحد،فول دیزاین,۷ ساعت پیش در تهران,سازمان برنامه,۱۰۰,۱۳۹۳,۲,۱۱۹۹۰۰۰۰۰۰۰,۱۱۹۹۰۰۰۰۰,۱,5,آسانسور,پارکینگ,انباری
87,۶۰متر شقایق جنوبی/ بیست و یکم شرقی,۷ ساعت پیش در تهران,سازمان برنامه,۶۰,۱۳۸۳,۲,۶۲۰۰۰۰۰۰۰۰,۱۰۳۳۳۳۰۰۰,۱,5,آسانسور,پارکینگ,انباری
88,برج باغ رویایی/100متر طبقات بالا/دو پارکینگ سندی,۷ ساعت پیش در تهران,سازمان برنامه,۱۰۱,۱۳۹۹,۲,۱۰۷۰۰۰۰۰۰۰۰,۱۰۵۹۴۰۰۰۰,۷,11,آسانسور,پارکینگ,انباری
89,86 متر /سازمان برنامه /رو به آفتاب,۸ ساعت پیش در تهران,سازمان برنامه,۸۶,۱۳۸۴,۲,۸۴۰۰۰۰۰۰۰۰,۹۷۶۷۴۰۰۰,۱,4,آسانسور,پارکینگ,انباری
90,فردوس غرب/۷۰متر/تاپ لوکیشن/فول امکانات,۸ ساعت پیش در تهران,سازمان برنامه,۷۰,۱۳۸۸,۲,۶۸۰۰۰۰۰۰۰۰,۹۷۱۴۲۰۰۰,۴,5,آسانسور,پارکینگ,انباری
91,سازمان برنامه شمالی/۸۵ متر/۲خ/نما گرانیت,۸ ساعت پیش در تهران,سازمان برنامه,۸۹,۱۳۸۴,۲,۶۱۵۰۰۰۰۰۰۰,۶۹۱۰۱۰۰۰,۳,۳,آسانسور ندارد,پارکینگ,انباری
92,۷۰متر۲خواب نوسازکلیدنخورده سازمان‌برنامه‌فردوس‌غرب,۸ ساعت پیش در تهران,سازمان برنامه,۷۰,۱۴۰۲,۲,۷۷۰۰۰۰۰۰۰۰,۱۱۰۰۰۰۰۰۰,۳,۳,آسانسور,پارکینگ,انباری
93,بر آیت الله کاشانی،موقعیت اداری، ۱۴۵متر,۸ ساعت پیش در تهران,سازمان برنامه,۱۴۵,۱۴۰۲,۲,۲۱۸۰۰۰۰۰۰۰۰,۱۵۰۳۴۴۰۰۰,۷,9,آسانسور,پارکینگ,انباری
94,۷۶متر/دوخواب/فول امکانات/سرمایه گذاری,۸ ساعت پیش در تهران,سازمان برنامه,۷۶,۱۳۸۹,۲,۶۵۲۱۰۰۰۰۰۰,۸۵۸۰۲۰۰۰,۲,۲,آسانسور,پارکینگ,انباری
95,فایل 70 متر 2 خواب مناسب سرمایه گذاری و سکونت,۸ ساعت پیش در تهران,سازمان برنامه,۷۰,۱۳۹۵,۲,۷۰۰۰۰۰۰۰۰۰,۱۰۰۰۰۰۰۰۰,۳,5,آسانسور,پارکینگ,انباری
96,127 متر 3خواب تراورتن بر اینانلو سازمان مرکز,۸ ساعت پیش در تهران,سازمان برنامه,۱۲۷,۱۳۹۶,۳,۱۳۴۵۰۰۰۰۰۰۰,۱۰۵۹۰۵۰۰۰,۲,5,آسانسور,پارکینگ,انباری
97,۹۵متر اکواریوم سازمان شمال,۸ ساعت پیش در تهران,سازمان برنامه,۹۵,۱۳۹۳,۲,۱۰۵۰۰۰۰۰۰۰۰,۱۱۰۵۲۶۰۰۰,۴,5,آسانسور,پارکینگ,انباری
98,بازی کننده روح و روان / آپارتمانی خفن,۸ ساعت پیش در تهران,جنت‌آباد جنوبی,۶۶,۱۳۹۰,۱,۵۸۰۰۰۰۰۰۰۰,۸۷۸۷۸۰۰۰,۳,5,آسانسور,پارکینگ,انباری
99,241/چهارخواب/فول مشاعات/فول دیزاین,۸ ساعت پیش در تهران,سازمان برنامه,۲۴۱,۱۴۰۱,۴,۴۳۰۰۰۰۰۰۰۰۰,۱۷۸۴۲۳۰۰۰,۴,6,آسانسور,پارکینگ,انباری
100,150متر/3خواب/فول/طبقه اول/منوچهری,۸ ساعت پیش در تهران,سازمان برنامه,۱۵۰,۱۳۹۸,۳,۱۳۰۰۰۰۰۰۰۰۰,۸۶۶۶۶۰۰۰,۱,8,آسانسور,پارکینگ,انباری
101,۸۰متر ۲خواب مجموعا ۸واحد بلوار شقایق فردوس,۸ ساعت پیش در تهران,سازمان برنامه,۸۰,۱۳۸۵,۲,۵۷۰۰۰۰۰۰۰۰,۷۱۲۵۰۰۰۰,۱,4,آسانسور,پارکینگ,انباری
102,۵۹ متر خوش نقش فول سازمان مرکز فول بازسازی خطی,۸ ساعت پیش در تهران,سازمان برنامه,۵۹,۱۳۸۶,۲,۵۸۰۰۰۰۰۰۰۰,۹۸۳۰۵۰۰۰,۵,5,آسانسور,پارکینگ,انباری
103,۱۱۷ متر دوخواب /فستیوالی از نور و نقشه,۸ ساعت پیش در تهران,سازمان برنامه,۱۱۷,۱۳۹۷,۲,۹۸۰۰۰۰۰۰۰۰,۸۳۷۶۰۰۰۰,۲,5,آسانسور,پارکینگ,انباری
104,124متر/شش ساله/سالن سرتاسر پرده خور/سازمان برنامه,۸ ساعت پیش در تهران,سازمان برنامه,۱۲۴,۱۳۹۶,۳,۱۱۶۹۰۰۰۰۰۰۰,۹۴۲۷۴۰۰۰,۳,۳,آسانسور,پارکینگ,انباری
105,90متر فول امکانات/هفت ساله/سرمایه گذاری/سازمان,۸ ساعت پیش در تهران,سازمان برنامه,۹۰,۱۳۹۰,۲,۷۲۹۰۰۰۰۰۰۰,۸۱۰۰۰۰۰۰,۴,5,آسانسور,پارکینگ,انباری
106,96متر/نماتراورتن/سالن سرتاسرپرده خور/سازمان برنامه,۸ ساعت پیش در تهران,سازمان برنامه,۹۶,۱۳۹۰,۲,۷۹۹۰۰۰۰۰۰۰,۸۳۲۲۹۰۰۰,۱,5,آسانسور,پارکینگ,انباری
107,شمال فردوس غرب/۱۴۵متر ۳خ/فایل ۵ ستاره /فایل شخصی,۸ ساعت پیش در تهران,سازمان برنامه,۱۴۵,۱۳۹۴,۳,۱۵۸۰۰۰۰۰۰۰۰,۱۰۸۹۶۵۰۰۰,۵,5,آسانسور,پارکینگ,انباری
108,۷۷ متر ۲خ/رو به آفتاب/شخصی/فایل ۵ ستاره/فردوس غرب,۸ ساعت پیش در تهران,سازمان برنامه,۷۷,۱۳۸۷,۲,۶۴۰۰۰۰۰۰۰۰,۸۳۱۱۶۰۰۰,۳,5,آسانسور,پارکینگ,انباری
109,۱۲۵ متر۳خ/۲ ساله/سالن پرده خور/فایل شخصی تک بازدید,۸ ساعت پیش در تهران,سازمان برنامه,۱۲۵,۱۴۰۰,۳,۱۰۵۰۰۰۰۰۰۰۰,۸۴۰۰۰۰۰۰,۳,5,آسانسور,پارکینگ,انباری
110,50 متر فول امکانات + 10 متر پاسیو 60 متر رویتی,۸ ساعت پیش در تهران,سازمان برنامه,۵۰,۱۳۸۷,۱,۴۰۰۰۰۰۰۰۰۰,۸۰۰۰۰۰۰۰,۱,5,آسانسور,پارکینگ,انباری
111,۵۴متر/۱خواب/سازمان برنامه شمالی,۸ ساعت پیش در تهران,سازمان برنامه,۵۴,۱۳۸۱,۱,۳۸۰۰۰۰۰۰۰۰,۷۰۳۷۰۰۰۰,۱,4,آسانسور ندارد,پارکینگ ندارد,انباری
112,۷۱متر دو خواب /سازمان شمال/ساختمان دو نبش نور,۸ ساعت پیش در تهران,سازمان برنامه,۷۱,۱۳۸۳,۲,۴۸۰۰۰۰۰۰۰۰,۶۷۶۰۵۰۰۰,۳,۳,آسانسور ندارد,پارکینگ ندارد,انباری
113,۵۶مترتک خواب شیک و مدرن فول امکانات سازمان مرکزی,۸ ساعت پیش در تهران,سازمان برنامه,۵۶,۱۳۹۲,۱,۵۰۰۰۰۰۰۰۰۰,۸۹۲۸۵۰۰۰,۲,5,آسانسور,پارکینگ,انباری
114,59متر/فول امکانات/فردوس غرب/سازمان برنامه,۸ ساعت پیش در تهران,کوی فردوس,۵۹,۱۳۹۰,۱,۵۲۰۰۰۰۰۰۰۰,۸۸۱۳۵۰۰۰,۳,5,آسانسور,پارکینگ,انباری
115,۸۲متر دو خواب خوش نقشه بلوار فردوس غرب,۸ ساعت پیش در تهران,سازمان برنامه,۸۲,۱۳۸۴,۲,۵۹۰۰۰۰۰۰۰۰,۷۱۹۵۱۰۰۰,۳,۳,آسانسور,پارکینگ,انباری
116,۱۰۶متر/۳خواب/سالن پرده خور/کم واحد/فول امکانات,۸ ساعت پیش در تهران,سازمان برنامه,۱۰۶,۱۳۹۷,۳,۱۱۱۲۰۰۰۰۰۰۰,۱۰۴۹۰۵۰۰۰,۵,5,آسانسور,پارکینگ,انباری
117,۷۸متر/۵ساله/فول امکانات/روبه آفتاب/سازمان برنامه,۸ ساعت پیش در تهران,سازمان برنامه,۷۸,۱۳۹۷,۲,۸۲۰۰۰۰۰۰۰۰,۱۰۵۱۲۸۰۰۰,۲,5,آسانسور,پارکینگ,انباری
118,۷۵متر/دوخواب/فول امکانات/سازمان برنامه,۸ ساعت پیش در تهران,سازمان برنامه,۷۵,۱۳۸۸,۲,۶۲۰۰۰۰۰۰۰۰,۸۲۶۶۶۰۰۰,۱,5,آسانسور,پارکینگ,انباری
119,۶۰متر*نوساز*شیک*فول‌امکانات*اعیونی,۸ ساعت پیش در تهران,سازمان برنامه,۶۰,۱۴۰۱,۱,۵۵۹۷۰۰۰۰۰۰,۹۳۲۸۳۰۰۰,۳,۳,آسانسور,پارکینگ,انباری
120,سازمان برنامه / ۱۲۸متر کلیدنخورده,۸ ساعت پیش در تهران,سازمان برنامه,۱۲۸,۱۴۰۱,۲,۱۴۱۰۰۰۰۰۰۰۰,۱۱۰۱۵۶۰۰۰,۶,۶,آسانسور,پارکینگ,انباری
121,۶۷متر ۲خواب زیبا و دلنشین کم سن سالن پرده خور,۸ ساعت پیش در تهران,سازمان برنامه,۶۷,۱۳۹۵,۲,۶۰۰۰۰۰۰۰۰۰,۸۹۵۵۲۰۰۰,۳,۳,آسانسور,پارکینگ,انباری
122,٥٢متر خوش نقشه / بازسازى شده/فول امکانات,۹ ساعت پیش در تهران,سازمان برنامه,۵۲,۱۳۸۹,۱,۵۰۰۰۰۰۰۰۰۰,۹۶۱۵۳۰۰۰,۴,5,آسانسور,پارکینگ,انباری
123,۵۰ متر ۱ خوابه/فول بازسازی/خوش نور و نقشه,۹ ساعت پیش در تهران,سازمان برنامه,۵۰,۱۳۸۸,۱,۴۳۰۰۰۰۰۰۰۰,۸۶۰۰۰۰۰۰,۱,5,آسانسور,پارکینگ ندارد,انباری
124,155متر/2پارکینگ سندی/روف گاردن/10واحد/بی نقص,۹ ساعت پیش در تهران,سازمان برنامه,۱۵۵,۱۴۰۱,۳,۲۱۰۰۰۰۰۰۰۰۰,۱۳۵۴۸۳۰۰۰,۵,۵,آسانسور,پارکینگ,انباری
125,۱۲۰ متری سازمان برنامه شمالی,۹ ساعت پیش در تهران,سازمان برنامه,۱۲۰,۱۴۰۱,۳,۱۳۸۰۰۰۰۰۰۰۰,۱۱۵۰۰۰۰۰۰,۲,5,آسانسور,پارکینگ,انباری
126,52متر/فردوس غرب/اماده مشارکت,۹ ساعت پیش در تهران,سازمان برنامه,۵۲,۱۳۸۲,۱,۴۱۰۰۰۰۰۰۰۰,۷۸۸۴۶۰۰۰,۲,۲,آسانسور ندارد,پارکینگ,انباری
127,فروش مبله 70متر آپارتمان در سازمان برنامه,۹ ساعت پیش در تهران,کوی فردوس,۷۰,۱۳۸۶,۲,۵۵۰۰۰۰۰۰۰۰,۷۸۵۷۱۰۰۰,۳,۳,آسانسور,پارکینگ,انباری
128,85 متر *نوساز کلید نخورده*سازه ای بی همتا* ارزنده,۹ ساعت پیش در تهران,سازمان برنامه,۸۵,۱۴۰۲,۲,۱۱۴۰۰۰۰۰۰۰۰,۱۳۴۱۱۷۰۰۰,۵,5,آسانسور,پارکینگ,انباری
129,۱۲۸متر/۳پارکینگ/سالن پرده خور/خطی روبه جنوب,۹ ساعت پیش در تهران,سازمان برنامه,۱۲۸,۱۳۹۷,۳,۱۲۰۰۰۰۰۰۰۰۰,۹۳۷۵۰۰۰۰,۶,6,آسانسور,پارکینگ,انباری
130,۱۰۰متر بلوار فردوس/۲پارکینگ سندی/سالن پرده خور/,۹ ساعت پیش در تهران,سازمان برنامه,۱۰۰,۱۳۹۸,۲,۱۰۷۰۰۰۰۰۰۰۰,۱۰۷۰۰۰۰۰۰,۳,6,آسانسور,پارکینگ,انباری
131,۶۱متر ، فول/ سازمان برنامه /قابل معاوضه,۹ ساعت پیش در تهران,سازمان برنامه,۶۱,۱۳۸۶,۱,۵۰۰۰۰۰۰۰۰۰,۸۱۹۶۷۰۰۰,۳,۳,آسانسور,پارکینگ,انباری
132,۶۶متر / سازمان برنامه شمالی/سالن پرده خور,۹ ساعت پیش در تهران,سازمان برنامه,۶۶,۱۳۸۸,۲,۶۳۰۰۰۰۰۰۰۰,۹۵۴۵۴۰۰۰,۲,۲,آسانسور,پارکینگ,انباری
133,سازمان برنامه شمالی/۱۲۰متر۳خواب/نوسازآکواریم/واقعی,۹ ساعت پیش در تهران,سازمان برنامه,۱۲۰,۱۴۰۲,۳,۱۷۲۰۰۰۰۰۰۰۰,۱۴۳۳۳۳۰۰۰,۱,5,آسانسور,پارکینگ,انباری
134,سازمان برنامه شمالی/۱۷۵متر/با مشاعات فول,۹ ساعت پیش در تهران,سازمان برنامه,۱۷۵,۱۴۰۲,۳,۲۹۰۰۰۰۰۰۰۰۰,۱۶۵۷۱۴۰۰۰,۴,5,آسانسور,پارکینگ,انباری
135,سامان برنامه شمالی/۲۳۰متر/مدرن/فول مشاعات,۹ ساعت پیش در تهران,سازمان برنامه,۲۳۰,۱۴۰۲,۳,۵۷۰۰۰۰۰۰۰۰۰,۲۴۷۸۲۶۰۰۰,۳,6,آسانسور,پارکینگ,انباری
136,66 متر 2 خواب فول امکانات سالن پرده خور,۹ ساعت پیش در تهران,کوی فردوس,۶۶,۱۳۹۶,۲,۵۷۵۰۰۰۰۰۰۰,۸۷۱۲۱۰۰۰,۴,5,آسانسور,پارکینگ,انباری
137,۱۱۵ متر ۳ خواب / ۲ پارکینگ / فخر منطقه,۹ ساعت پیش در تهران,سازمان برنامه,۱۱۵,۱۳۹۷,۳,۱۱۴۵۰۰۰۰۰۰۰,۹۹۵۶۵۰۰۰,۳,۳,آسانسور,پارکینگ,انباری
138,آپارتمان/۱۰۳متر/سالن پرده خور,۹ ساعت پیش در تهران,سازمان برنامه,۱۰۳,۱۳۹۱,۲,۹۵۰۰۰۰۰۰۰۰,۹۲۲۳۳۰۰۰,۵,5,آسانسور,پارکینگ,انباری
139,شقایق شمالی ، ۸۷متر ، شیک,۹ ساعت پیش در تهران,سازمان برنامه,۸۷,۱۳۸۵,۲,۷۹۰۰۰۰۰۰۰۰,۹۰۸۰۴۰۰۰,۲,۲,آسانسور ندارد,پارکینگ,انباری
140,82 متر / باامکانات / سالن پرده خور / فردوس,۹ ساعت پیش در تهران,سازمان برنامه,۸۲,۱۳۸۲,۲,۶۰۰۰۰۰۰۰۰۰,۷۳۱۷۰۰۰۰,۵,5,آسانسور,پارکینگ ندارد,انباری
141,دوخواب 125متری سازمان برنامه مرکزی فروش یا تهاتر,۹ ساعت پیش در تهران,سازمان برنامه,۱۲۵,۱۳۸۹,۲,۱۱۳۰۰۰۰۰۰۰۰,۹۰۴۰۰۰۰۰,۳,۳,آسانسور,پارکینگ,انباری
142,سازمان برنامه ۷۹ متری دو خواب فروشنده واقعی,۹ ساعت پیش در تهران,کوی فردوس,۷۹,۱۳۹۲,۲,۶۹۰۰۰۰۰۰۰۰,۸۷۳۴۱۰۰۰,۳,5,آسانسور,پارکینگ,انباری
143,74متر/دوخواب/سازمان برنامه,۹ ساعت پیش در تهران,سازمان برنامه,۷۴,۱۳۸۴,۲,۴۷۵۰۰۰۰۰۰۰,۶۴۱۸۹۰۰۰,۳,4,آسانسور ندارد,پارکینگ ندارد,انباری
144,۷۸ متر / دوخواب / ۱۰ واحدی / سازمان برنامه مرکزی,۹ ساعت پیش در تهران,کوی فردوس,۷۸,۱۳۹۱,۲,۶۸۵۰۰۰۰۰۰۰,۸۷۸۲۰۰۰۰,۳,5,آسانسور,پارکینگ,انباری
145,67متر/شهران/بمب نور و نقشه,۹ ساعت پیش در تهران,شهران جنوبی,۶۷,۱۳۸۵,۲,۵۱۰۰۰۰۰۰۰۰,۷۶۱۱۹۰۰۰,۱,4,آسانسور ندارد,پارکینگ,انباری
146,فردوس غرب / ۶۵ متر / ۲خ فول دیزاین,۱۰ ساعت پیش در تهران,سازمان برنامه,۶۵,۱۳۸۳,۲,۴۰۵۰۰۰۰۰۰۰,۶۲۳۰۷۰۰۰,همکف,5,آسانسور,پارکینگ ندارد,انباری
147,۱۱۰متر/۳خواب*خوش نقشه/سالن نورگیر,۱۰ ساعت پیش در تهران,سازمان برنامه,۱۱۰,۱۳۹۵,۳,۱۰۶۰۰۰۰۰۰۰۰,۹۶۳۶۳۰۰۰,۳,۳,آسانسور,پارکینگ,انباری
148,۷۶متر ۲خواب لوکیشن منطقه پنج,۱۰ ساعت پیش در تهران,سازمان برنامه,۷۶,۱۳۹۰,۲,۸۲۷۰۰۰۰۰۰۰,۱۰۸۸۱۵۰۰۰,۲,۲,آسانسور,پارکینگ,انباری
149,55 متر / فرصت خرید / بلوار فردوس,۱۰ ساعت پیش در تهران,سازمان برنامه,۵۵,۱۳۸۵,۱,۴۷۲۰۰۰۰۰۰۰,۸۵۸۱۸۰۰۰,۳,5,آسانسور,پارکینگ,انباری
150,۶۵ متر ۱ خوابه ۸ ساله سازمان برنامه شمالی,۱۰ ساعت پیش در تهران,سازمان برنامه,۶۵,۱۳۹۴,۱,۶۸۰۰۰۰۰۰۰۰,۱۰۴۶۱۵۰۰۰,۱,5,آسانسور,پارکینگ,انباری
151,آپارتمان وام دار ۱۰۰ متر فول کم سن تراورتن فردوس,۱۰ ساعت پیش در تهران,سازمان برنامه,۱۰۰,۱۳۹۳,۲,۸۶۵۰۰۰۰۰۰۰,۸۶۵۰۰۰۰۰,۲,۲,آسانسور,پارکینگ,انباری
152,۶۱ متر تراوتن سالن پرده خور تک خواب,۱۰ ساعت پیش در تهران,سازمان برنامه,۶۱,۱۳۹۴,۱,۵۸۰۰۰۰۰۰۰۰,۹۵۰۸۱۰۰۰,۲,5,آسانسور,پارکینگ,انباری
153,« سازمان برنامه مرکزی » ۵۸متر ۶ساله سالن پرده خور,۱۰ ساعت پیش در تهران,سازمان برنامه,۵۸,۱۳۹۶,۱,۵۴۵۰۰۰۰۰۰۰,۹۳۹۶۵۰۰۰,۴,5,آسانسور,پارکینگ,انباری
154,سازمان برنامه شمالی 68متر 2خ خوش نقشه طبقه سوم,۱۰ ساعت پیش در تهران,کوی فردوس,۶۸,۱۳۸۲,۲,۵۳۷۰۰۰۰۰۰۰,۷۸۹۷۰۰۰۰,۳,4,آسانسور ندارد,پارکینگ,انباری
155,۹۰متر*سرتاسر پرده خور*سرمایه گذاری*سازمان برنامه,۱۰ ساعت پیش در تهران,سازمان برنامه,۹۰,۱۳۹۶,۲,۷۵۰۰۰۰۰۰۰۰,۸۳۳۳۳۰۰۰,۴,5,آسانسور,پارکینگ,انباری
156,۱۰۶متر نما تراورتن ۱۰ واحدی سازمان آب سرو,۱۰ ساعت پیش در تهران,سازمان برنامه,۱۰۵,۱۳۹۴,۲,۹۱۰۰۰۰۰۰۰۰,۸۶۶۶۶۰۰۰,۲,5,آسانسور,پارکینگ,انباری
157,آپارتمان 80متری فول بازسازی سازمان برنامه شمالی,۱۰ ساعت پیش در تهران,سازمان برنامه,۸۰,۱۳۸۵,۲,۶۲۰۰۰۰۰۰۰۰,۷۷۵۰۰۰۰۰,۱,4,آسانسور ندارد,پارکینگ ندارد,انباری
158,۹۰ متر/۲خ / سالن پرده خور/ کوی مهران,۱۰ ساعت پیش در تهران,کوی مهران,۹۰,۱۳۸۲,۲,۸۶۰۰۰۰۰۰۰۰,۹۵۵۵۵۰۰۰,۱,6,آسانسور,پارکینگ,انباری
159,۹۸متر/دوخوابه/فول/سازمان برنامه شمالی,۱۰ ساعت پیش در تهران,سازمان برنامه,۹۸,۱۳۹۹,۲,۸۱۰۰۰۰۰۰۰۰,۸۲۶۵۳۰۰۰,۲,5,آسانسور,پارکینگ,انباری
160,آپارتمان ۷۰متری ۲خواب . فول امکانات . ویو دار,۱۰ ساعت پیش در تهران,سازمان برنامه,۷۰,۱۳۸۹,۲,۵۷۶۰۰۰۰۰۰۰,۸۲۲۸۵۰۰۰,۵,5,آسانسور,پارکینگ,انباری
161,۷۰متر/۲خواب /لوکیشن سازمان مرکزی اینانلو,۱۰ ساعت پیش در تهران,سازمان برنامه,۷۰,۱۳۸۵,۲,۷۰۰۰۰۰۰۰۰۰,۱۰۰۰۰۰۰۰۰,۴,5,آسانسور,پارکینگ,انباری
162,جنت جنوبی /۶۶متر/۱خواب/شخصی ساز,۱۰ ساعت پیش در تهران,جنت‌آباد جنوبی,۶۶,۱۳۹۴,۱,۶۱۵۰۰۰۰۰۰۰,۹۳۱۸۱۰۰۰,۲,5,آسانسور,پارکینگ,انباری
163,۷۶متر/دوخواب/فول امکانات/سرمایه گذاری/شمال فردوس,۱۰ ساعت پیش در تهران,سازمان برنامه,۷۶,۱۳۹۰,۲,۶۵۰۰۰۰۰۰۰۰,۸۵۵۲۶۰۰۰,۲,۲,آسانسور,پارکینگ,انباری
164,۷۹متر دوخواب/فول امکانات/سرمایه گذاری,۱۱ ساعت پیش در تهران,سازمان برنامه,۷۹,۱۳۸۸,۲,۶۲۰۰۰۰۰۰۰۰,۷۸۴۸۱۰۰۰,۱,۱,آسانسور,پارکینگ,انباری
165,برج شخصی ساز (80 الی 145متر) سازندگان مطرح پایتخت,۱۱ ساعت پیش در تهران,سازمان برنامه,۱۰۰,۱۴۰۲,۲,۱۲۰۰۰۰۰۰۰۰۰,۱۲۰۰۰۰۰۰۰,۱۰,15,آسانسور,پارکینگ,انباری
166,۶۴ متر خانه شما در دستان ما,۱۱ ساعت پیش در تهران,کوی فردوس,۶۴,۱۳۸۶,۲,۵۵۹۰۰۰۰۰۰۰,۸۷۳۴۳۰۰۰,۱,4,آسانسور ندارد,پارکینگ,انباری
167,۱۱۶ متر ۳ خوابه سالن پرده خور سازمان برنامه,۱۱ ساعت پیش در تهران,سازمان برنامه,۱۱۶,۱۳۹۲,۳,۱۳۹۹۳۶۹۰۰۰۰,۱۲۰۶۳۵۰۰۰,۳,5,آسانسور,پارکینگ,انباری
168,۶۵متر*سازمان برنامه*خوش نقشه,۱۱ ساعت پیش در تهران,کوی فردوس,۶۵,۱۳۸۵,۱,۶۳۵۰۰۰۰۰۰۰,۹۷۶۹۲۰۰۰,۲,5,آسانسور,پارکینگ,انباری
169,70متر2خواب/بلوار شقایق جنوبی/فول امکانات,۱۱ ساعت پیش در تهران,سازمان برنامه,۷۰,۱۳۸۱,۲,۶۲۵۰۰۰۰۰۰۰,۸۹۲۸۵۰۰۰,۳,5,آسانسور,پارکینگ,انباری
170,۸۸ متر، دو خواب، سالن پرده خور، سازمان برنامه,۱۱ ساعت پیش در تهران,سازمان برنامه,۸۸,۱۳۸۶,۲,۷۷۵۰۰۰۰۰۰۰,۸۸۰۶۸۰۰۰,۱,5,آسانسور,پارکینگ,انباری
171,فقط امروز / ۷۹ متر روبه آفتاب / بلوار فردوس,۱۱ ساعت پیش در تهران,سازمان برنامه,۷۹,۱۳۸۵,۲,۶۲۰۰۰۰۰۰۰۰,۷۸۴۸۱۰۰۰,۳,5,آسانسور,پارکینگ,انباری
172,115متر 3خواب سازمان شمالی رو به افتاب,۱۱ ساعت پیش در تهران,سازمان برنامه,۱۱۵,۱۳۸۷,۳,۱۱۹۰۰۰۰۰۰۰۰,۱۰۳۴۷۸۰۰۰,۲,5,آسانسور,پارکینگ,انباری
173,۷۸ متر فول امکانات سازمان پرده خور,۱۱ ساعت پیش در تهران,سازمان برنامه,۷۸,۱۳۸۵,۲,۶۳۵۰۰۰۰۰۰۰,۸۱۴۱۰۰۰۰,۲,5,آسانسور,پارکینگ,انباری
174,۱۵۰متر ۳خواب،برند فول نوساز,۱۱ ساعت پیش در تهران,سازمان برنامه,۱۵۰,۱۴۰۲,۳,۲۲۶۰۰۰۰۰۰۰۰,۱۵۰۶۶۶۰۰۰,۲,5,آسانسور,پارکینگ,انباری
175,۱۱۹متر/فول امکانات/نور و نقشه,۱۱ ساعت پیش در تهران,سازمان برنامه,۱۱۹,۱۳۸۴,۲,۱۰۱۰۰۰۰۰۰۰۰,۸۴۸۷۳۰۰۰,۵,5,آسانسور,پارکینگ,انباری
176,۵۰متر تک خواب فاقد پارکینگ,۱۲ ساعت پیش در تهران,سازمان برنامه,۵۰,۱۳۸۴,۱,۳۸۰۰۰۰۰۰۰۰,۷۶۰۰۰۰۰۰,۱,4,آسانسور,پارکینگ ندارد,انباری
177,آپارتمان ۱۱۲ متری کیلید نخورده سازمان برنامه شمالی,۱۲ ساعت پیش در تهران,سازمان برنامه,۱۱۲,۱۴۰۱,۲,۱۶۰۰۰۰۰۰۰۰۰,۱۴۲۸۵۷۰۰۰,۶,6,آسانسور,پارکینگ,انباری
178,آپارتمان ۷۴ متری در کیهان,۱۲ ساعت پیش در تهران,سازمان برنامه,۷۴,۱۳۸۱,۱,۵۷۰۰۰۰۰۰۰۰,۷۷۰۲۷۰۰۰,۲,۲,آسانسور ندارد,پارکینگ ندارد,انباری
179,۶۲ متر ۱ خواب پارکینگ آسانسور انباری سرمایه‌گذاری,۱۲ ساعت پیش در تهران,سازمان برنامه,۶۲,۱۳۸۴,۱,۵۳۹۰۰۰۰۰۰۰,۸۶۹۳۵۰۰۰,۱,4,آسانسور,پارکینگ,انباری
180,۷۵متر/ ۲خواب /فول/سالن پرده خور/سازمان برنامه,۱۲ ساعت پیش در تهران,سازمان برنامه,۷۵,۱۳۸۷,۲,۶۸۵۰۰۰۰۰۰۰,۹۱۳۳۳۰۰۰,۴,۴,آسانسور,پارکینگ,انباری
181,۶۸متر ۲خواب/فول/نما تراورتن/فردوس غرب,۱۲ ساعت پیش در تهران,سازمان برنامه,۶۸,۱۳۹۱,۲,۶۶۰۰۰۰۰۰۰۰,۹۷۰۵۸۰۰۰,۳,۳,آسانسور,پارکینگ,انباری
182,۷۸متر تاپ لوکیشن این واحد بیان احساسات شماست,۱۲ ساعت پیش در تهران,سازمان برنامه,۷۸,۱۳۹۳,۲,۷۴۵۰۰۰۰۰۰۰,۹۵۵۱۲۰۰۰,۲,5,آسانسور,پارکینگ,انباری
183,۵۸ متر ۱ خواب/شاهکار منطقه ۵,۱۲ ساعت پیش در تهران,سازمان برنامه,۵۸,۱۳۸۷,۱,۴۸۰۰۰۰۰۰۰۰,۸۲۷۵۸۰۰۰,۲,5,آسانسور,پارکینگ,انباری
184,سازمان برنامه شمالی 75متر,۱۲ ساعت پیش در تهران,سازمان برنامه,۷۵,۱۳۸۱,۱,۵۶۰۰۰۰۰۰۰۰,۷۴۶۶۶۰۰۰,۱,۱,آسانسور ندارد,پارکینگ ندارد,انباری
185,205 متر تکواحدی سازمان برنامه شمالی,۱۲ ساعت پیش در تهران,سازمان برنامه,۲۰۵,۱۳۸۵,۳,۲۲۵۰۰۰۰۰۰۰۰,۱۰۹۷۵۶۰۰۰,۳,5,آسانسور,پارکینگ,انباری
186,۷۵ متر/سازمان برنامه شمالی/فول امکانات,۱۲ ساعت پیش در تهران,سازمان برنامه,۶۵,۱۳۹۷,۱,۶۸۰۰۰۰۰۰۰۰,۱۰۴۶۱۵۰۰۰,۱,۱,آسانسور,پارکینگ,انباری
187,80متر/قدرالسهمی/سرمایه گذاری/بلوار فردوس پروانه,۱۲ ساعت پیش در تهران,سازمان برنامه,۸۰,۱۳۸۳,۲,۵۴۰۰۰۰۰۰۰۰,۶۷۵۰۰۰۰۰,۳,4,آسانسور ندارد,پارکینگ,انباری
188,۶۵متر / ۲خواب / بلوار فردوس,۱۲ ساعت پیش در تهران,سازمان برنامه,۶۵,۱۳۹۰,۲,۵۶۰۰۰۰۰۰۰۰,۸۶۱۵۳۰۰۰,۳,5,آسانسور ندارد,پارکینگ,انباری
189,۸۴متر سازمان برنامه شمالی، بازسازی شده کامل,۱۲ ساعت پیش در تهران,سازمان برنامه,۸۴,۱۳۸۴,۲,۷۸۰۰۰۰۰۰۰۰,۹۲۸۵۷۰۰۰,۱,4,آسانسور ندارد,پارکینگ,انباری
190,آپارتمان ۱۴۹ متر تک واحدی خ شقایق جنوبی,۱۲ ساعت پیش در تهران,سازمان برنامه,۱۴۹,۱۳۹۸,۳,۲۰۵۵۰۰۰۰۰۰۰,۱۳۷۹۱۹۰۰۰,۵,5,آسانسور,پارکینگ,انباری
191,دوخوابه 64متری قدرالسهم دار مناسب سرمایه گذاری,۱۲ ساعت پیش در تهران,سازمان برنامه,۶۴,۱۳۸۷,۲,۶۰۰۰۰۰۰۰۰۰,۹۳۷۵۰۰۰۰,۱,۱,آسانسور ندارد,پارکینگ,انباری
192,۹۴ متر تاپ لوکیشن فردوس,۱۲ ساعت پیش در تهران,سازمان برنامه,۹۴,۱۳۹۸,۲,۷۸۰۰۰۰۰۰۰۰,۸۲۹۷۸۰۰۰,۲,۲,آسانسور,پارکینگ,انباری
193,آپارتمان ۲۱۵ متر/۳خواب/۳پارکینگ/سازمان برنامه,۱۳ ساعت پیش در تهران,سازمان برنامه,۲۱۵,۱۴۰۱,۳,۳۴۰۰۰۰۰۰۰۰۰,۱۵۸۱۳۹۰۰۰,۴,6,آسانسور,پارکینگ,انباری
194,۹۸متر ۲خواب سازمان برنامه شمالی/طلای منطقه,۱۳ ساعت پیش در تهران,سازمان برنامه,۹۸,۱۳۹۶,۲,۸۴۰۰۰۰۰۰۰۰,۸۵۷۱۴۰۰۰,۴,5,آسانسور,پارکینگ,انباری
195,۵۶متر / ویو ابدی / آکواریوم / بلوار فردوس,۱۳ ساعت پیش در تهران,سازمان برنامه,۵۶,۱۳۹۰,۱,۵۰۰۰۰۰۰۰۰۰,۸۹۲۸۵۰۰۰,۴,5,آسانسور,پارکینگ,انباری
196,۱۳۰م/نوساز/سازمان برنامه/ویوابدی‌روبه جنوب,۱۳ ساعت پیش در تهران,سازمان برنامه,۱۳۰,۱۴۰۱,۳,۱۳۲۰۰۰۰۰۰۰۰,۱۰۱۵۳۸۰۰۰,۶,6,آسانسور,پارکینگ,انباری
197,66 متر2 خواب خطی روبه افتاب فردوس,۱۳ ساعت پیش در تهران,کوی فردوس,۶۶,۱۳۹۰,۲,۵۲۹۰۰۰۰۰۰۰,۸۰۱۵۱۰۰۰,۳,5,آسانسور,پارکینگ,انباری
198,۹۳ متر در قلب سازمان برنامه,۱۳ ساعت پیش در تهران,سازمان برنامه,۹۳,۱۳۹۳,۲,۸۴۲۰۰۰۰۰۰۰,۹۰۵۳۷۰۰۰,۳,5,آسانسور,پارکینگ,انباری
199,فردوس غرب ۶۵ متر ۲ خواب رو به افتاب,۱۳ ساعت پیش در تهران,سازمان برنامه,۶۵,۱۳۸۹,۲,۵۳۰۰۰۰۰۰۰۰,۸۱۵۳۸۰۰۰,۳,5,آسانسور,پارکینگ,انباری
200,سازمان برنامه شمال( تاپ لوکیشن ) ۹۲ متر ساخت۱۴۰۰,۱۳ ساعت پیش در تهران,سازمان برنامه,۹۲,۱۴۰۰,۲,۱۰۶۰۰۰۰۰۰۰۰,۱۱۵۲۱۷۰۰۰,۲,5,آسانسور,پارکینگ,انباری
201,دو خوابه ۱۲۰ متری ۱۰ واحدی فروش یا تهاتر,۱۳ ساعت پیش در تهران,سازمان برنامه,۱۲۰,۱۳۹۰,۲,۹۸۰۰۰۰۰۰۰۰,۸۱۶۶۶۰۰۰,۴,۴,آسانسور,پارکینگ,انباری
202,۷۹ متر ۲ خواب فول فردوس غرب سازمان برنامه,۱۳ ساعت پیش در تهران,سازمان برنامه,۷۹,۱۳۹۰,۲,۶۹۵۰۰۰۰۰۰۰,۸۷۹۷۴۰۰۰,۱,5,آسانسور,پارکینگ,انباری
203,۱۳۰ متری سازمان برنامه مرکزی,۱۳ ساعت پیش در تهران,شهرک پرواز,۱۳۰,۱۳۹۶,۳,۱۲۹۰۰۰۰۰۰۰۰,۹۹۲۳۰۰۰۰,۴,5,آسانسور,پارکینگ,انباری
204,۵۶ متر فول امکانات/ سازمان برنامه مرکزی,۱۳ ساعت پیش در تهران,سازمان برنامه,۵۶,۱۳۹۰,۱,۶۳۵۰۰۰۰۰۰۰,۱۱۳۳۹۲۰۰۰,۴,۴,آسانسور,پارکینگ,انباری
205,64متر/3ساله/سالن پرده خور/لوکس,۱۳ ساعت پیش در تهران,سازمان برنامه,۶۴,۱۳۹۹,۱,۵۹۰۰۰۰۰۰۰۰,۹۲۱۸۷۰۰۰,۲,۲,آسانسور,پارکینگ,انباری
206,۶۵متر سالن پرده خور فول امکانات سازمان برنامه,۱۳ ساعت پیش در تهران,سازمان برنامه,۶۵,۱۳۸۶,۱,۵۰۰۰۰۰۰۰۰۰,۷۶۹۲۳۰۰۰,۲,5,آسانسور,پارکینگ,انباری
207,آپارتمان۸۶متری۲خواب فول امکانات نوساز ویو ابدی,۱۳ ساعت پیش در تهران,سازمان برنامه,۸۶,۱۴۰۲,۲,۸۳۹۲۰۰۰۰۰۰,۹۷۵۸۱۰۰۰,۶,10,آسانسور,پارکینگ,انباری
208,۶۵متر دو خوابه دو حیاط خلوت در اختیار,۱۳ ساعت پیش در تهران,سازمان برنامه,۶۵,۱۳۹۱,۲,۵۹۰۰۰۰۰۰۰۰,۹۰۷۶۹۰۰۰,۱,5,آسانسور,پارکینگ,انباری
209,اپارتمان،۶۰متری،(شمالی های فردوس),۱۳ ساعت پیش در تهران,کوی فردوس,۶۰,۱۳۸۳,۲,۴۹۵۰۰۰۰۰۰۰,۸۲۵۰۰۰۰۰,۳,۳,آسانسور,پارکینگ,انباری
210,۸۰ متری فول سرمایه گذاری سند تک برگ سازمان برنامه,۱۳ ساعت پیش در تهران,سازمان برنامه,۸۰,۱۳۸۴,۲,۶۲۰۰۰۰۰۰۰۰,۷۷۵۰۰۰۰۰,۲,۲,آسانسور,پارکینگ,انباری
211,۸۶ متر فول امکانات ویو ابدی پارک سرمایه گذاری,۱۳ ساعت پیش در تهران,سازمان برنامه,۸۶,۱۳۸۸,۲,۷۳۰۰۰۰۰۰۰۰,۸۴۸۸۳۰۰۰,۵,۵,آسانسور,پارکینگ,انباری
212,۱۱۰ متر نوساز/سازمان برنامه جنوبی,۱۳ ساعت پیش در تهران,سازمان برنامه,۱۱۰,۱۴۰۲,۲,۱۳۸۰۰۰۰۰۰۰۰,۱۲۵۴۵۴۰۰۰,۶,6,آسانسور,پارکینگ,انباری
213,60متر یــک خوابه کم واحد 4طبقه 2 واحدی,۱۳ ساعت پیش در تهران,سازمان برنامه,۶۰,۱۳۸۳,۱,۵۲۰۰۰۰۰۰۰۰,۸۶۶۶۶۰۰۰,۲,4,آسانسور ندارد,پارکینگ,انباری
214,۸۸متر /تهاتر با واحد ۵۰تا ۶۵متری در منطقه ۵,۱۳ ساعت پیش در تهران,کوی فردوس,۸۸,۱۳۹۵,۲,۸۱۰۰۰۰۰۰۰۰,۹۲۰۴۵۰۰۰,۲,5,آسانسور,پارکینگ,انباری
215,۷۵متر دو خواب قلب منطقه ۵ دو کله نور,۱۳ ساعت پیش در تهران,سازمان برنامه,۷۹,۱۳۸۶,۲,۶۳۵۰۰۰۰۰۰۰,۸۰۳۷۹۰۰۰,۲,۲,آسانسور,پارکینگ,انباری
216,۹۲متر/نوساز/سازمان برنامه مرکزی/ویو ابدی,۱۳ ساعت پیش در تهران,سازمان برنامه,۹۲,۱۴۰۲,۲,۱۰۱۰۰۰۰۰۰۰۰,۱۰۹۷۸۲۰۰۰,۴,۴,آسانسور,پارکینگ,انباری
217,فردوس غرب / 52+16متر حیاط خلوت / 1خ قابلیت 2خ,۱۳ ساعت پیش در تهران,سازمان برنامه,۵۲,۱۳۸۵,۱,۴۰۲۰۰۰۰۰۰۰,۷۷۳۰۷۰۰۰,۱,5,آسانسور,پارکینگ,انباری
218,۱۳۰متر ۳خواب سازمان‌برنامه مرکزی,۱۳ ساعت پیش در تهران,سازمان برنامه,۱۳۰,۱۳۹۱,۳,۱۵۴۵۰۰۰۰۰۰۰,۱۱۸۸۴۶۰۰۰,۳,5,آسانسور,پارکینگ,انباری
219,56متر/6ساله/ بدون مشابه/سازمان برنامه مرکزی,۱۳ ساعت پیش در تهران,سازمان برنامه,۵۶,۱۳۹۷,۱,۵۰۰۰۰۰۰۰۰۰,۸۹۲۸۵۰۰۰,۴,5,آسانسور,پارکینگ,انباری
220,سازمان برنامه/ ۱۲۹متر نوساز/ سازه برند,۱۳ ساعت پیش در تهران,کوی فردوس,۱۲۹,۱۴۰۱,۲,۱۱۹۹۰۰۰۰۰۰۰,۹۲۹۴۵۰۰۰,۶,۶,آسانسور,پارکینگ,انباری
221,70متر فول خیابان منطقه اینانلو بر بلوار,۱۳ ساعت پیش در تهران,سازمان برنامه,۷۰,۱۳۸۵,۲,۷۳۰۰۰۰۰۰۰۰,۱۰۴۲۸۵۰۰۰,۴,5,آسانسور,پارکینگ,انباری ندارد
222,۶۲ متر، یک خواب، سالن پرده خور، فردوس غرب,۱۳ ساعت پیش در تهران,سازمان برنامه,۶۲,۱۳۸۲,۱,۵۶۰۰۰۰۰۰۰۰,۹۰۳۲۲۰۰۰,۱,4,آسانسور ندارد,پارکینگ,انباری
223,۱۲۹متر ۲خواب / کلید نخورده / ۲پارکینگ سندی,۱۳ ساعت پیش در تهران,سازمان برنامه,۱۲۹,۱۴۰۱,۲,۱۱۶۱۰۰۰۰۰۰۰,۹۰۰۰۰۰۰۰,۶,۶,آسانسور,پارکینگ,انباری
224,سازمان برنامه شمال .۱۱۵ متر .تراورتن .کم واحد,۱۳ ساعت پیش در تهران,سازمان برنامه,۱۱۵,۱۳۹۲,۲,۱۰۶۰۰۰۰۰۰۰۰,۹۲۱۷۳۰۰۰,۲,۲,آسانسور,پارکینگ,انباری
225,سازمان برنامه .۹۴ متر .کم واحد .زیر,۱۳ ساعت پیش در تهران,سازمان برنامه,۹۴,۱۳۹۵,۲,۸۵۰۰۰۰۰۰۰۰,۹۰۴۲۵۰۰۰,۲,۲,آسانسور,پارکینگ,انباری
226,۹۳متر.فردوس غرب .غرق نور,۱۳ ساعت پیش در تهران,سازمان برنامه,۹۳,۱۳۹۵,۲,۸۴۰۰۰۰۰۰۰۰,۹۰۳۲۲۰۰۰,۱,۱,آسانسور,پارکینگ,انباری
227,۹۳ متر .پرده خور غرق نور ‌.بدون مشابه,۱۳ ساعت پیش در تهران,سازمان برنامه,۹۳,۱۳۹۵,۲,۸۳۵۰۰۰۰۰۰۰,۸۹۷۸۴۰۰۰,۲,۲,آسانسور,پارکینگ,انباری
228,65 متر دینامیت / فول امکانات / برند منطقه,۱۳ ساعت پیش در تهران,کوی مهران,۶۵,۱۳۹۰,۱,۵۹۵۰۰۰۰۰۰۰,۹۱۵۳۸۰۰۰,۴,5,آسانسور,پارکینگ,انباری
229,۱۳۰متر/۲خ/کلید نخورده /فرعی دنج سازمان,۱۴ ساعت پیش در تهران,سازمان برنامه,۱۳۰,۱۴۰۰,۲,۱۴۰۰۰۰۰۰۰۰۰,۱۰۷۶۹۲۰۰۰,۶,6,آسانسور,پارکینگ,انباری
230,۵۵ متر ۱ خواب کوی فردوس,۱۴ ساعت پیش در تهران,کوی فردوس,۵۵,۱۳۸۴,۱,۴۵۵۰۰۰۰۰۰۰,۸۲۷۲۷۰۰۰,۱,5,آسانسور ندارد,پارکینگ,انباری
231,آپارتمان ۴۰ متری فول امکانات سازمان برنامه,۱۴ ساعت پیش در تهران,کوی فردوس,۴۰,۱۳۸۸,۱,۴۴۵۰۰۰۰۰۰۰,۱۱۱۲۵۰۰۰۰,۴,۴,آسانسور,پارکینگ,انباری
232,آپارتمان ۵۲ متر,۱۴ ساعت پیش در تهران,سازمان برنامه,۵۲,۱۳۸۱,۱,۵۱۰۰۰۰۰۰۰۰,۹۸۰۷۶۰۰۰,۱,۱,آسانسور,پارکینگ,انباری
233,آپارتمان ۲۳۰متری/سه خواب/کلید نخورده/سازمان برنامه,۱۴ ساعت پیش در تهران,سازمان برنامه,۲۳۰,۱۴۰۲,۳,۳۵۵۰۰۰۰۰۰۰۰,۱۵۴۳۴۷۰۰۰,۱,۱,آسانسور,پارکینگ,انباری
234,٥٨ متر ٢ خواب دوبر نور/ فول/ سازمان برنامه,۱۴ ساعت پیش در تهران,سازمان برنامه,۵۸,۱۳۸۷,۲,۵۲۵۰۰۰۰۰۰۰,۹۰۵۱۷۰۰۰,۱,۱,آسانسور,پارکینگ,انباری
235,سازمان برنامه شمالی ۱۶۶متر نوساز مدرن,۱۴ ساعت پیش در تهران,سازمان برنامه,۱۶۶,۱۴۰۲,۳,۲۸۰۰۰۰۰۰۰۰۰,۱۶۸۶۷۴۰۰۰,۳,5,آسانسور,پارکینگ,انباری
